{
  "logistic_regression": {
    "accuracy": 0.8457370341700763,
    "precision": 0.41824357108199905,
    "recall": 0.8147448015122873,
    "f1": 0.5527412632253927,
    "mcc": 0.5092183435255142,
    "roc_auc": 0.9079218714674134,
    "confusion_matrix": [
      [
        6786,
        1199
      ],
      [
        196,
        862
      ]
    ]
  },
  "decision_tree": {
    "accuracy": 0.8771425411920822,
    "precision": 0.47368421052631576,
    "recall": 0.45085066162570886,
    "f1": 0.46198547215496366,
    "mcc": 0.39283942494534974,
    "roc_auc": 0.6922381047640128,
    "confusion_matrix": [
      [
        7455,
        530
      ],
      [
        581,
        477
      ]
    ]
  },
  "knn": {
    "accuracy": 0.8961627778392126,
    "precision": 0.5990016638935108,
    "recall": 0.34026465028355385,
    "f1": 0.43399638336347196,
    "mcc": 0.40012752249162636,
    "roc_auc": 0.8277209275898927,
    "confusion_matrix": [
      [
        7744,
        241
      ],
      [
        698,
        360
      ]
    ]
  },
  "gaussian_nb": {
    "accuracy": 0.8548048214088245,
    "precision": 0.4059040590405904,
    "recall": 0.5198487712665406,
    "f1": 0.45586406962287607,
    "mcc": 0.37735837569864067,
    "roc_auc": 0.810079686273767,
    "confusion_matrix": [
      [
        7180,
        805
      ],
      [
        508,
        550
      ]
    ]
  },
  "random_forest": {
    "accuracy": 0.9041247373659184,
    "precision": 0.6861598440545809,
    "recall": 0.332703213610586,
    "f1": 0.4481222151495863,
    "mcc": 0.43426344290474056,
    "roc_auc": 0.9298878568393242,
    "confusion_matrix": [
      [
        7824,
        161
      ],
      [
        706,
        352
      ]
    ]
  }
}